<?xml version="1.0" encoding="UTF-8"?>
<GenRun Id="impl_1" LaunchPart="xc7a35tcpg236-1" LaunchTime="1746369883">
  <File Type="PA-TCL" Name="MCU.tcl"/>
  <File Type="REPORTS-TCL" Name="MCU_reports.tcl"/>
  <File Type="INIT-TIMING" Name="MCU_timing_summary_init.rpt"/>
  <File Type="OPT-DCP" Name="MCU_opt.dcp"/>
  <File Type="OPT-DRC" Name="MCU_drc_opted.rpt"/>
  <File Type="OPT-METHODOLOGY-DRC" Name="MCU_methodology_drc_opted.rpt"/>
  <File Type="OPT-HWDEF" Name="MCU.hwdef"/>
  <File Type="OPT-TIMING" Name="MCU_timing_summary_opted.rpt"/>
  <File Type="OPT-RQA-PB" Name="MCU_rqa_opted.pb"/>
  <File Type="PWROPT-DCP" Name="MCU_pwropt.dcp"/>
  <File Type="PWROPT-DRC" Name="MCU_drc_pwropted.rpt"/>
  <File Type="PWROPT-TIMING" Name="MCU_timing_summary_pwropted.rpt"/>
  <File Type="PLACE-DCP" Name="MCU_placed.dcp"/>
  <File Type="PLACE-IO" Name="MCU_io_placed.rpt"/>
  <File Type="PLACE-CLK" Name="MCU_clock_utilization_placed.rpt"/>
  <File Type="PLACE-UTIL" Name="MCU_utilization_placed.rpt"/>
  <File Type="PLACE-UTIL-PB" Name="MCU_utilization_placed.pb"/>
  <File Type="PLACE-CTRL" Name="MCU_control_sets_placed.rpt"/>
  <File Type="PLACE-SIMILARITY" Name="MCU_incremental_reuse_placed.rpt"/>
  <File Type="PLACE-PRE-SIMILARITY" Name="MCU_incremental_reuse_pre_placed.rpt"/>
  <File Type="PLACE-TIMING" Name="MCU_timing_summary_placed.rpt"/>
  <File Type="PLACE-RQA-PB" Name="MCU_rqa_placed.pb"/>
  <File Type="POSTPLACE-PWROPT-DCP" Name="MCU_postplace_pwropt.dcp"/>
  <File Type="POSTPLACE-PWROPT-TIMING" Name="MCU_timing_summary_postplace_pwropted.rpt"/>
  <File Type="PHYSOPT-DCP" Name="MCU_physopt.dcp"/>
  <File Type="PHYSOPT-DRC" Name="MCU_drc_physopted.rpt"/>
  <File Type="PHYSOPT-TIMING" Name="MCU_timing_summary_physopted.rpt"/>
  <File Type="ROUTE-ERROR-DCP" Name="MCU_routed_error.dcp"/>
  <File Type="ROUTE-DCP" Name="MCU_routed.dcp"/>
  <File Type="ROUTE-BLACKBOX-DCP" Name="MCU_routed_bb.dcp"/>
  <File Type="ROUTE-DRC" Name="MCU_drc_routed.rpt"/>
  <File Type="ROUTE-DRC-PB" Name="MCU_drc_routed.pb"/>
  <File Type="ROUTE-DRC-RPX" Name="MCU_drc_routed.rpx"/>
  <File Type="ROUTE-METHODOLOGY-DRC" Name="MCU_methodology_drc_routed.rpt"/>
  <File Type="ROUTE-METHODOLOGY-DRC-RPX" Name="MCU_methodology_drc_routed.rpx"/>
  <File Type="ROUTE-METHODOLOGY-DRC-PB" Name="MCU_methodology_drc_routed.pb"/>
  <File Type="ROUTE-PWR" Name="MCU_power_routed.rpt"/>
  <File Type="ROUTE-PWR-SUM" Name="MCU_power_summary_routed.pb"/>
  <File Type="ROUTE-PWR-RPX" Name="MCU_power_routed.rpx"/>
  <File Type="ROUTE-STATUS" Name="MCU_route_status.rpt"/>
  <File Type="ROUTE-STATUS-PB" Name="MCU_route_status.pb"/>
  <File Type="ROUTE-TIMINGSUMMARY" Name="MCU_timing_summary_routed.rpt"/>
  <File Type="ROUTE-TIMING-PB" Name="MCU_timing_summary_routed.pb"/>
  <File Type="ROUTE-TIMING-RPX" Name="MCU_timing_summary_routed.rpx"/>
  <File Type="ROUTE-SIMILARITY" Name="MCU_incremental_reuse_routed.rpt"/>
  <File Type="ROUTE-CLK" Name="MCU_clock_utilization_routed.rpt"/>
  <File Type="ROUTE-BUS-SKEW" Name="MCU_bus_skew_routed.rpt"/>
  <File Type="ROUTE-BUS-SKEW-PB" Name="MCU_bus_skew_routed.pb"/>
  <File Type="ROUTE-BUS-SKEW-RPX" Name="MCU_bus_skew_routed.rpx"/>
  <File Type="ROUTE-RQS-PB" Name="MCU_rqs_routed.pb"/>
  <File Type="POSTROUTE-PHYSOPT-DCP" Name="MCU_postroute_physopt.dcp"/>
  <File Type="POSTROUTE-PHYSOPT-BLACKBOX-DCP" Name="MCU_postroute_physopt_bb.dcp"/>
  <File Type="POSTROUTE-PHYSOPT-TIMING" Name="MCU_timing_summary_postroute_physopted.rpt"/>
  <File Type="POSTROUTE-PHYSOPT-TIMING-PB" Name="MCU_timing_summary_postroute_physopted.pb"/>
  <File Type="POSTROUTE-PHYSOPT-TIMING-RPX" Name="MCU_timing_summary_postroute_physopted.rpx"/>
  <File Type="POSTROUTE-PHYSOPT-BUS-SKEW" Name="MCU_bus_skew_postroute_physopted.rpt"/>
  <File Type="POSTROUTE-PHYSOPT-BUS-SKEW-PB" Name="MCU_bus_skew_postroute_physopted.pb"/>
  <File Type="POSTROUTE-PHYSOPT-BUS-SKEW-RPX" Name="MCU_bus_skew_postroute_physopted.rpx"/>
  <File Type="BG-BIT" Name="MCU.bit"/>
  <File Type="BG-BIN" Name="MCU.bin"/>
  <File Type="BITSTR-MSK" Name="MCU.msk"/>
  <File Type="BITSTR-RBT" Name="MCU.rbt"/>
  <File Type="BITSTR-NKY" Name="MCU.nky"/>
  <File Type="BITSTR-BMM" Name="MCU_bd.bmm"/>
  <File Type="BITSTR-MMI" Name="MCU.mmi"/>
  <File Type="PDI-FILE" Name="MCU.pdi"/>
  <File Type="BOOT-PDI-FILE" Name="MCU_boot.pdi"/>
  <File Type="PL-PDI-FILE" Name="MCU_pld.pdi"/>
  <File Type="RCFI_FILE" Name="MCU.rcfi"/>
  <File Type="CFI_FILE" Name="MCU.cfi"/>
  <File Type="RNPI_FILE" Name="MCU.rnpi"/>
  <File Type="NPI_FILE" Name="MCU.npi"/>
  <File Type="RBD_FILE" Name="MCU.rbd"/>
  <File Type="BITSTR-LTX" Name="debug_nets.ltx"/>
  <File Type="BITSTR-LTX" Name="MCU.ltx"/>
  <File Type="BITSTR-SYSDEF" Name="MCU.sysdef"/>
  <File Type="BG-BGN" Name="MCU.bgn"/>
  <File Type="BG-DRC" Name="MCU.drc"/>
  <File Type="RDI-RDI" Name="MCU.vdi"/>
  <File Type="WBT-USG" Name="usage_statistics_webtalk.html"/>
  <File Type="ROUTE-RQS" Name="MCU_routed.rqs"/>
  <File Type="POSTROUTE-PHYSOPT-RQS" Name="MCU_postroute_physopted.rqs"/>
  <File Type="ROUTE-RQS-RPT" Name="route_report_qor_suggestions_0.rpt"/>
  <File Type="POSTROUTE-PHYSOPT-RQS-RPT" Name="postroute_physopt_report_qor_suggestions_0.rpt"/>
  <FileSet Name="sources" Type="DesignSrcs" RelSrcDir="$PSRCDIR/sources_1" RelGenDir="$PGENDIR/sources_1">
    <Filter Type="Srcs"/>
    <File Path="$PSRCDIR/sources_1/imports/code/DHT11.v">
      <FileInfo>
        <Attr Name="ImportPath" Val="$PPRDIR/../code/DHT11.v"/>
        <Attr Name="ImportTime" Val="1745892612"/>
        <Attr Name="UsedIn" Val="synthesis"/>
        <Attr Name="UsedIn" Val="implementation"/>
        <Attr Name="UsedIn" Val="simulation"/>
      </FileInfo>
    </File>
    <File Path="$PSRCDIR/sources_1/imports/code/TOP_UART_Stopwatch_Clock.v">
      <FileInfo>
        <Attr Name="ImportPath" Val="$PPRDIR/../code/TOP_UART_Stopwatch_Clock.v"/>
        <Attr Name="ImportTime" Val="1745893001"/>
        <Attr Name="UsedIn" Val="synthesis"/>
        <Attr Name="UsedIn" Val="implementation"/>
        <Attr Name="UsedIn" Val="simulation"/>
      </FileInfo>
    </File>
    <File Path="$PSRCDIR/sources_1/imports/code/UART_RX.v">
      <FileInfo>
        <Attr Name="ImportPath" Val="$PPRDIR/../code/UART_RX.v"/>
        <Attr Name="ImportTime" Val="1742521530"/>
        <Attr Name="UsedIn" Val="synthesis"/>
        <Attr Name="UsedIn" Val="implementation"/>
        <Attr Name="UsedIn" Val="simulation"/>
      </FileInfo>
    </File>
    <File Path="$PSRCDIR/sources_1/imports/code/UART_TX.v">
      <FileInfo>
        <Attr Name="ImportPath" Val="$PPRDIR/../code/UART_TX.v"/>
        <Attr Name="ImportTime" Val="1742521504"/>
        <Attr Name="UsedIn" Val="synthesis"/>
        <Attr Name="UsedIn" Val="implementation"/>
        <Attr Name="UsedIn" Val="simulation"/>
      </FileInfo>
    </File>
    <File Path="$PSRCDIR/sources_1/imports/code/APB_Master.sv">
      <FileInfo>
        <Attr Name="ImportPath" Val="$PPRDIR/../code/APB_Master.sv"/>
        <Attr Name="ImportTime" Val="1745892681"/>
        <Attr Name="UsedIn" Val="synthesis"/>
        <Attr Name="UsedIn" Val="implementation"/>
        <Attr Name="UsedIn" Val="simulation"/>
      </FileInfo>
    </File>
    <File Path="$PSRCDIR/sources_1/imports/code/APB_Slave.sv">
      <FileInfo>
        <Attr Name="ImportPath" Val="$PPRDIR/../code/APB_Slave.sv"/>
        <Attr Name="ImportTime" Val="1745891395"/>
        <Attr Name="UsedIn" Val="synthesis"/>
        <Attr Name="UsedIn" Val="implementation"/>
        <Attr Name="UsedIn" Val="simulation"/>
      </FileInfo>
    </File>
    <File Path="$PSRCDIR/sources_1/imports/code/defines.sv">
      <FileInfo>
        <Attr Name="ImportPath" Val="$PPRDIR/../code/defines.sv"/>
        <Attr Name="ImportTime" Val="1744348827"/>
        <Attr Name="UsedIn" Val="synthesis"/>
        <Attr Name="UsedIn" Val="implementation"/>
        <Attr Name="UsedIn" Val="simulation"/>
      </FileInfo>
    </File>
    <File Path="$PSRCDIR/sources_1/imports/code/ControlUnit.sv">
      <FileInfo>
        <Attr Name="ImportPath" Val="$PPRDIR/../code/ControlUnit.sv"/>
        <Attr Name="ImportTime" Val="1745892274"/>
        <Attr Name="UsedIn" Val="synthesis"/>
        <Attr Name="UsedIn" Val="implementation"/>
        <Attr Name="UsedIn" Val="simulation"/>
      </FileInfo>
    </File>
    <File Path="$PSRCDIR/sources_1/imports/code/DHT_11_Periph.sv">
      <FileInfo>
        <Attr Name="ImportPath" Val="$PPRDIR/../code/DHT_11_Periph.sv"/>
        <Attr Name="ImportTime" Val="1745891853"/>
        <Attr Name="UsedIn" Val="synthesis"/>
        <Attr Name="UsedIn" Val="implementation"/>
        <Attr Name="UsedIn" Val="simulation"/>
      </FileInfo>
    </File>
    <File Path="$PSRCDIR/sources_1/imports/code/DataPath.sv">
      <FileInfo>
        <Attr Name="ImportPath" Val="$PPRDIR/../code/DataPath.sv"/>
        <Attr Name="ImportTime" Val="1744872230"/>
        <Attr Name="UsedIn" Val="synthesis"/>
        <Attr Name="UsedIn" Val="implementation"/>
        <Attr Name="UsedIn" Val="simulation"/>
      </FileInfo>
    </File>
    <File Path="$PSRCDIR/sources_1/imports/code/GPIO.sv">
      <FileInfo>
        <Attr Name="ImportPath" Val="$PPRDIR/../code/GPIO.sv"/>
        <Attr Name="ImportTime" Val="1745290922"/>
        <Attr Name="UsedIn" Val="synthesis"/>
        <Attr Name="UsedIn" Val="implementation"/>
        <Attr Name="UsedIn" Val="simulation"/>
      </FileInfo>
    </File>
    <File Path="$PSRCDIR/sources_1/imports/code/HCSR04_Periph.sv">
      <FileInfo>
        <Attr Name="ImportPath" Val="$PPRDIR/../code/HCSR04_Periph.sv"/>
        <Attr Name="ImportTime" Val="1745829119"/>
        <Attr Name="UsedIn" Val="synthesis"/>
        <Attr Name="UsedIn" Val="implementation"/>
        <Attr Name="UsedIn" Val="simulation"/>
      </FileInfo>
    </File>
    <File Path="$PSRCDIR/sources_1/imports/code/MYIP.sv">
      <FileInfo>
        <Attr Name="ImportPath" Val="$PPRDIR/../code/MYIP.sv"/>
        <Attr Name="ImportTime" Val="1745892647"/>
        <Attr Name="UsedIn" Val="synthesis"/>
        <Attr Name="UsedIn" Val="implementation"/>
        <Attr Name="UsedIn" Val="simulation"/>
      </FileInfo>
    </File>
    <File Path="$PSRCDIR/sources_1/imports/code/RV32I_Core.sv">
      <FileInfo>
        <Attr Name="ImportPath" Val="$PPRDIR/../code/RV32I_Core.sv"/>
        <Attr Name="ImportTime" Val="1745199429"/>
        <Attr Name="UsedIn" Val="synthesis"/>
        <Attr Name="UsedIn" Val="implementation"/>
        <Attr Name="UsedIn" Val="simulation"/>
      </FileInfo>
    </File>
    <File Path="$PSRCDIR/sources_1/imports/code/TIMER.sv">
      <FileInfo>
        <Attr Name="ImportPath" Val="$PPRDIR/../code/TIMER.sv"/>
        <Attr Name="ImportTime" Val="1745810099"/>
        <Attr Name="UsedIn" Val="synthesis"/>
        <Attr Name="UsedIn" Val="implementation"/>
        <Attr Name="UsedIn" Val="simulation"/>
      </FileInfo>
    </File>
    <File Path="$PSRCDIR/sources_1/imports/code/fifo.sv">
      <FileInfo>
        <Attr Name="ImportPath" Val="$PPRDIR/../code/fifo.sv"/>
        <Attr Name="ImportTime" Val="1745570527"/>
        <Attr Name="UsedIn" Val="synthesis"/>
        <Attr Name="UsedIn" Val="implementation"/>
        <Attr Name="UsedIn" Val="simulation"/>
      </FileInfo>
    </File>
    <File Path="$PSRCDIR/sources_1/imports/code/fifo_Periph.sv">
      <FileInfo>
        <Attr Name="ImportPath" Val="$PPRDIR/../code/fifo_Periph.sv"/>
        <Attr Name="ImportTime" Val="1745828316"/>
        <Attr Name="UsedIn" Val="synthesis"/>
        <Attr Name="UsedIn" Val="implementation"/>
        <Attr Name="UsedIn" Val="simulation"/>
      </FileInfo>
    </File>
    <File Path="$PSRCDIR/sources_1/imports/code/gpi.sv">
      <FileInfo>
        <Attr Name="ImportPath" Val="$PPRDIR/../code/gpi.sv"/>
        <Attr Name="ImportTime" Val="1745212721"/>
        <Attr Name="UsedIn" Val="synthesis"/>
        <Attr Name="UsedIn" Val="implementation"/>
        <Attr Name="UsedIn" Val="simulation"/>
      </FileInfo>
    </File>
    <File Path="$PSRCDIR/sources_1/imports/code/ram.sv">
      <FileInfo>
        <Attr Name="ImportPath" Val="$PPRDIR/../code/ram.sv"/>
        <Attr Name="ImportTime" Val="1745890798"/>
        <Attr Name="UsedIn" Val="synthesis"/>
        <Attr Name="UsedIn" Val="implementation"/>
        <Attr Name="UsedIn" Val="simulation"/>
      </FileInfo>
    </File>
    <File Path="$PSRCDIR/sources_1/imports/code/rom.sv">
      <FileInfo>
        <Attr Name="ImportPath" Val="$PPRDIR/../code/rom.sv"/>
        <Attr Name="ImportTime" Val="1745891206"/>
        <Attr Name="UsedIn" Val="synthesis"/>
        <Attr Name="UsedIn" Val="implementation"/>
        <Attr Name="UsedIn" Val="simulation"/>
      </FileInfo>
    </File>
    <File Path="$PSRCDIR/sources_1/imports/code/MCU.sv">
      <FileInfo>
        <Attr Name="ImportPath" Val="$PPRDIR/../code/MCU.sv"/>
        <Attr Name="ImportTime" Val="1745830192"/>
        <Attr Name="UsedIn" Val="synthesis"/>
        <Attr Name="UsedIn" Val="implementation"/>
        <Attr Name="UsedIn" Val="simulation"/>
      </FileInfo>
    </File>
    <File Path="$PSRCDIR/sources_1/imports/code/code.mem">
      <FileInfo>
        <Attr Name="ImportPath" Val="$PPRDIR/../code/code.mem"/>
        <Attr Name="ImportTime" Val="1745892270"/>
        <Attr Name="UsedIn" Val="synthesis"/>
        <Attr Name="UsedIn" Val="simulation"/>
      </FileInfo>
    </File>
    <Config>
      <Option Name="DesignMode" Val="RTL"/>
      <Option Name="TopModule" Val="MCU"/>
      <Option Name="TopAutoSet" Val="TRUE"/>
    </Config>
  </FileSet>
  <FileSet Name="constrs_in" Type="Constrs" RelSrcDir="$PSRCDIR/constrs_1" RelGenDir="$PGENDIR/constrs_1">
    <Filter Type="Constrs"/>
    <File Path="$PSRCDIR/constrs_1/imports/master_xdc/Basys-3-Master.xdc">
      <FileInfo>
        <Attr Name="ImportPath" Val="$PPRDIR/../project_2/project_2.srcs/constrs_1/imports/master_xdc/Basys-3-Master.xdc"/>
        <Attr Name="ImportTime" Val="1745887622"/>
        <Attr Name="UsedIn" Val="synthesis"/>
        <Attr Name="UsedIn" Val="implementation"/>
      </FileInfo>
    </File>
    <Config>
      <Option Name="ConstrsType" Val="XDC"/>
    </Config>
  </FileSet>
  <FileSet Name="utils" Type="Utils" RelSrcDir="$PSRCDIR/utils_1" RelGenDir="$PGENDIR/utils_1">
    <Filter Type="Utils"/>
    <Config>
      <Option Name="TopAutoSet" Val="TRUE"/>
    </Config>
  </FileSet>
  <Strategy Version="1" Minor="2">
    <StratHandle Name="Vivado Implementation Defaults" Flow="Vivado Implementation 2020"/>
    <Step Id="init_design"/>
    <Step Id="opt_design"/>
    <Step Id="power_opt_design"/>
    <Step Id="place_design"/>
    <Step Id="post_place_power_opt_design"/>
    <Step Id="phys_opt_design"/>
    <Step Id="route_design"/>
    <Step Id="post_route_phys_opt_design"/>
    <Step Id="write_bitstream"/>
  </Strategy>
</GenRun>
