<?xml version="1.0" encoding="UTF-8"?>
<GenRun Id="synth_1" LaunchPart="xc7a35tcpg236-1" LaunchTime="1746369883">
  <File Type="PA-TCL" Name="MCU.tcl"/>
  <File Type="REPORTS-TCL" Name="MCU_reports.tcl"/>
  <File Type="RDS-RDS" Name="MCU.vds"/>
  <File Type="RDS-PROPCONSTRS" Name="MCU_drc_synth.rpt"/>
  <File Type="RDS-UTIL" Name="MCU_utilization_synth.rpt"/>
  <File Type="RDS-UTIL-PB" Name="MCU_utilization_synth.pb"/>
  <File Type="RDS-DCP" Name="MCU.dcp"/>
  <File Type="VDS-TIMINGSUMMARY" Name="MCU_timing_summary_synth.rpt"/>
  <File Type="VDS-TIMING-PB" Name="MCU_timing_summary_synth.pb"/>
  <FileSet Name="sources" Type="DesignSrcs" RelSrcDir="$PSRCDIR/sources_1" RelGenDir="$PGENDIR/sources_1">
    <Filter Type="Srcs"/>
    <File Path="$PSRCDIR/sources_1/imports/code/DHT11.v">
      <FileInfo>
        <Attr Name="ImportPath" Val="$PPRDIR/../code/DHT11.v"/>
        <Attr Name="ImportTime" Val="1745892612"/>
        <Attr Name="UsedIn" Val="synthesis"/>
        <Attr Name="UsedIn" Val="implementation"/>
        <Attr Name="UsedIn" Val="simulation"/>
      </FileInfo>
    </File>
    <File Path="$PSRCDIR/sources_1/imports/code/TOP_UART_Stopwatch_Clock.v">
      <FileInfo>
        <Attr Name="ImportPath" Val="$PPRDIR/../code/TOP_UART_Stopwatch_Clock.v"/>
        <Attr Name="ImportTime" Val="1745893001"/>
        <Attr Name="UsedIn" Val="synthesis"/>
        <Attr Name="UsedIn" Val="implementation"/>
        <Attr Name="UsedIn" Val="simulation"/>
      </FileInfo>
    </File>
    <File Path="$PSRCDIR/sources_1/imports/code/UART_RX.v">
      <FileInfo>
        <Attr Name="ImportPath" Val="$PPRDIR/../code/UART_RX.v"/>
        <Attr Name="ImportTime" Val="1742521530"/>
        <Attr Name="UsedIn" Val="synthesis"/>
        <Attr Name="UsedIn" Val="implementation"/>
        <Attr Name="UsedIn" Val="simulation"/>
      </FileInfo>
    </File>
    <File Path="$PSRCDIR/sources_1/imports/code/UART_TX.v">
      <FileInfo>
        <Attr Name="ImportPath" Val="$PPRDIR/../code/UART_TX.v"/>
        <Attr Name="ImportTime" Val="1742521504"/>
        <Attr Name="UsedIn" Val="synthesis"/>
        <Attr Name="UsedIn" Val="implementation"/>
        <Attr Name="UsedIn" Val="simulation"/>
      </FileInfo>
    </File>
    <File Path="$PSRCDIR/sources_1/imports/code/APB_Master.sv">
      <FileInfo>
        <Attr Name="ImportPath" Val="$PPRDIR/../code/APB_Master.sv"/>
        <Attr Name="ImportTime" Val="1745892681"/>
        <Attr Name="UsedIn" Val="synthesis"/>
        <Attr Name="UsedIn" Val="implementation"/>
        <Attr Name="UsedIn" Val="simulation"/>
      </FileInfo>
    </File>
    <File Path="$PSRCDIR/sources_1/imports/code/APB_Slave.sv">
      <FileInfo>
        <Attr Name="ImportPath" Val="$PPRDIR/../code/APB_Slave.sv"/>
        <Attr Name="ImportTime" Val="1745891395"/>
        <Attr Name="UsedIn" Val="synthesis"/>
        <Attr Name="UsedIn" Val="implementation"/>
        <Attr Name="UsedIn" Val="simulation"/>
      </FileInfo>
    </File>
    <File Path="$PSRCDIR/sources_1/imports/code/defines.sv">
      <FileInfo>
        <Attr Name="ImportPath" Val="$PPRDIR/../code/defines.sv"/>
        <Attr Name="ImportTime" Val="1744348827"/>
        <Attr Name="UsedIn" Val="synthesis"/>
        <Attr Name="UsedIn" Val="implementation"/>
        <Attr Name="UsedIn" Val="simulation"/>
      </FileInfo>
    </File>
    <File Path="$PSRCDIR/sources_1/imports/code/ControlUnit.sv">
      <FileInfo>
        <Attr Name="ImportPath" Val="$PPRDIR/../code/ControlUnit.sv"/>
        <Attr Name="ImportTime" Val="1745892274"/>
        <Attr Name="UsedIn" Val="synthesis"/>
        <Attr Name="UsedIn" Val="implementation"/>
        <Attr Name="UsedIn" Val="simulation"/>
      </FileInfo>
    </File>
    <File Path="$PSRCDIR/sources_1/imports/code/DHT_11_Periph.sv">
      <FileInfo>
        <Attr Name="ImportPath" Val="$PPRDIR/../code/DHT_11_Periph.sv"/>
        <Attr Name="ImportTime" Val="1745891853"/>
        <Attr Name="UsedIn" Val="synthesis"/>
        <Attr Name="UsedIn" Val="implementation"/>
        <Attr Name="UsedIn" Val="simulation"/>
      </FileInfo>
    </File>
    <File Path="$PSRCDIR/sources_1/imports/code/DataPath.sv">
      <FileInfo>
        <Attr Name="ImportPath" Val="$PPRDIR/../code/DataPath.sv"/>
        <Attr Name="ImportTime" Val="1744872230"/>
        <Attr Name="UsedIn" Val="synthesis"/>
        <Attr Name="UsedIn" Val="implementation"/>
        <Attr Name="UsedIn" Val="simulation"/>
      </FileInfo>
    </File>
    <File Path="$PSRCDIR/sources_1/imports/code/GPIO.sv">
      <FileInfo>
        <Attr Name="ImportPath" Val="$PPRDIR/../code/GPIO.sv"/>
        <Attr Name="ImportTime" Val="1745290922"/>
        <Attr Name="UsedIn" Val="synthesis"/>
        <Attr Name="UsedIn" Val="implementation"/>
        <Attr Name="UsedIn" Val="simulation"/>
      </FileInfo>
    </File>
    <File Path="$PSRCDIR/sources_1/imports/code/HCSR04_Periph.sv">
      <FileInfo>
        <Attr Name="ImportPath" Val="$PPRDIR/../code/HCSR04_Periph.sv"/>
        <Attr Name="ImportTime" Val="1745829119"/>
        <Attr Name="UsedIn" Val="synthesis"/>
        <Attr Name="UsedIn" Val="implementation"/>
        <Attr Name="UsedIn" Val="simulation"/>
      </FileInfo>
    </File>
    <File Path="$PSRCDIR/sources_1/imports/code/MYIP.sv">
      <FileInfo>
        <Attr Name="ImportPath" Val="$PPRDIR/../code/MYIP.sv"/>
        <Attr Name="ImportTime" Val="1745892647"/>
        <Attr Name="UsedIn" Val="synthesis"/>
        <Attr Name="UsedIn" Val="implementation"/>
        <Attr Name="UsedIn" Val="simulation"/>
      </FileInfo>
    </File>
    <File Path="$PSRCDIR/sources_1/imports/code/RV32I_Core.sv">
      <FileInfo>
        <Attr Name="ImportPath" Val="$PPRDIR/../code/RV32I_Core.sv"/>
        <Attr Name="ImportTime" Val="1745199429"/>
        <Attr Name="UsedIn" Val="synthesis"/>
        <Attr Name="UsedIn" Val="implementation"/>
        <Attr Name="UsedIn" Val="simulation"/>
      </FileInfo>
    </File>
    <File Path="$PSRCDIR/sources_1/imports/code/TIMER.sv">
      <FileInfo>
        <Attr Name="ImportPath" Val="$PPRDIR/../code/TIMER.sv"/>
        <Attr Name="ImportTime" Val="1745810099"/>
        <Attr Name="UsedIn" Val="synthesis"/>
        <Attr Name="UsedIn" Val="implementation"/>
        <Attr Name="UsedIn" Val="simulation"/>
      </FileInfo>
    </File>
    <File Path="$PSRCDIR/sources_1/imports/code/fifo.sv">
      <FileInfo>
        <Attr Name="ImportPath" Val="$PPRDIR/../code/fifo.sv"/>
        <Attr Name="ImportTime" Val="1745570527"/>
        <Attr Name="UsedIn" Val="synthesis"/>
        <Attr Name="UsedIn" Val="implementation"/>
        <Attr Name="UsedIn" Val="simulation"/>
      </FileInfo>
    </File>
    <File Path="$PSRCDIR/sources_1/imports/code/fifo_Periph.sv">
      <FileInfo>
        <Attr Name="ImportPath" Val="$PPRDIR/../code/fifo_Periph.sv"/>
        <Attr Name="ImportTime" Val="1745828316"/>
        <Attr Name="UsedIn" Val="synthesis"/>
        <Attr Name="UsedIn" Val="implementation"/>
        <Attr Name="UsedIn" Val="simulation"/>
      </FileInfo>
    </File>
    <File Path="$PSRCDIR/sources_1/imports/code/gpi.sv">
      <FileInfo>
        <Attr Name="ImportPath" Val="$PPRDIR/../code/gpi.sv"/>
        <Attr Name="ImportTime" Val="1745212721"/>
        <Attr Name="UsedIn" Val="synthesis"/>
        <Attr Name="UsedIn" Val="implementation"/>
        <Attr Name="UsedIn" Val="simulation"/>
      </FileInfo>
    </File>
    <File Path="$PSRCDIR/sources_1/imports/code/ram.sv">
      <FileInfo>
        <Attr Name="ImportPath" Val="$PPRDIR/../code/ram.sv"/>
        <Attr Name="ImportTime" Val="1745890798"/>
        <Attr Name="UsedIn" Val="synthesis"/>
        <Attr Name="UsedIn" Val="implementation"/>
        <Attr Name="UsedIn" Val="simulation"/>
      </FileInfo>
    </File>
    <File Path="$PSRCDIR/sources_1/imports/code/rom.sv">
      <FileInfo>
        <Attr Name="ImportPath" Val="$PPRDIR/../code/rom.sv"/>
        <Attr Name="ImportTime" Val="1745891206"/>
        <Attr Name="UsedIn" Val="synthesis"/>
        <Attr Name="UsedIn" Val="implementation"/>
        <Attr Name="UsedIn" Val="simulation"/>
      </FileInfo>
    </File>
    <File Path="$PSRCDIR/sources_1/imports/code/MCU.sv">
      <FileInfo>
        <Attr Name="ImportPath" Val="$PPRDIR/../code/MCU.sv"/>
        <Attr Name="ImportTime" Val="1745830192"/>
        <Attr Name="UsedIn" Val="synthesis"/>
        <Attr Name="UsedIn" Val="implementation"/>
        <Attr Name="UsedIn" Val="simulation"/>
      </FileInfo>
    </File>
    <File Path="$PSRCDIR/sources_1/imports/code/code.mem">
      <FileInfo>
        <Attr Name="ImportPath" Val="$PPRDIR/../code/code.mem"/>
        <Attr Name="ImportTime" Val="1745892270"/>
        <Attr Name="UsedIn" Val="synthesis"/>
        <Attr Name="UsedIn" Val="simulation"/>
      </FileInfo>
    </File>
    <Config>
      <Option Name="DesignMode" Val="RTL"/>
      <Option Name="TopModule" Val="MCU"/>
      <Option Name="TopAutoSet" Val="TRUE"/>
    </Config>
  </FileSet>
  <FileSet Name="constrs_in" Type="Constrs" RelSrcDir="$PSRCDIR/constrs_1" RelGenDir="$PGENDIR/constrs_1">
    <Filter Type="Constrs"/>
    <File Path="$PSRCDIR/constrs_1/imports/master_xdc/Basys-3-Master.xdc">
      <FileInfo>
        <Attr Name="ImportPath" Val="$PPRDIR/../project_2/project_2.srcs/constrs_1/imports/master_xdc/Basys-3-Master.xdc"/>
        <Attr Name="ImportTime" Val="1745887622"/>
        <Attr Name="UsedIn" Val="synthesis"/>
        <Attr Name="UsedIn" Val="implementation"/>
      </FileInfo>
    </File>
    <Config>
      <Option Name="ConstrsType" Val="XDC"/>
    </Config>
  </FileSet>
  <FileSet Name="utils" Type="Utils" RelSrcDir="$PSRCDIR/utils_1" RelGenDir="$PGENDIR/utils_1">
    <Filter Type="Utils"/>
    <Config>
      <Option Name="TopAutoSet" Val="TRUE"/>
    </Config>
  </FileSet>
  <Strategy Version="1" Minor="2">
    <StratHandle Name="Vivado Synthesis Defaults" Flow="Vivado Synthesis 2020"/>
    <Step Id="synth_design"/>
  </Strategy>
</GenRun>
