<?xml version="1.0" encoding="UTF-8"?>
<GenRun Id="synth_1" LaunchPart="xc7a35tcpg236-1" LaunchTime="1745889712">
  <File Type="PA-TCL" Name="MCU.tcl"/>
  <File Type="RDS-PROPCONSTRS" Name="MCU_drc_synth.rpt"/>
  <File Type="REPORTS-TCL" Name="MCU_reports.tcl"/>
  <File Type="RDS-RDS" Name="MCU.vds"/>
  <File Type="RDS-UTIL" Name="MCU_utilization_synth.rpt"/>
  <File Type="RDS-UTIL-PB" Name="MCU_utilization_synth.pb"/>
  <File Type="RDS-DCP" Name="MCU.dcp"/>
  <File Type="VDS-TIMINGSUMMARY" Name="MCU_timing_summary_synth.rpt"/>
  <File Type="VDS-TIMING-PB" Name="MCU_timing_summary_synth.pb"/>
  <FileSet Name="sources" Type="DesignSrcs" RelSrcDir="$PSRCDIR/sources_1" RelGenDir="$PGENDIR/sources_1">
    <Filter Type="Srcs"/>
    <File Path="$PSRCDIR/sources_1/imports/0424_FND_VERIFY/APB_Master.sv">
      <FileInfo>
        <Attr Name="ImportPath" Val="$PPRDIR/../../../0424/0424_FND_VERIFY/0424_FND_VERIFY.srcs/sources_1/imports/0424_FND_VERIFY/APB_Master.sv"/>
        <Attr Name="ImportTime" Val="1745455106"/>
        <Attr Name="UsedIn" Val="synthesis"/>
        <Attr Name="UsedIn" Val="implementation"/>
        <Attr Name="UsedIn" Val="simulation"/>
      </FileInfo>
    </File>
    <File Path="$PSRCDIR/sources_1/imports/0424_FND_VERIFY/defines.sv">
      <FileInfo>
        <Attr Name="ImportPath" Val="$PPRDIR/../../../0424/0424_FND_VERIFY/0424_FND_VERIFY.srcs/sources_1/imports/0424_FND_VERIFY/defines.sv"/>
        <Attr Name="ImportTime" Val="1745455155"/>
        <Attr Name="UsedIn" Val="synthesis"/>
        <Attr Name="UsedIn" Val="implementation"/>
        <Attr Name="UsedIn" Val="simulation"/>
      </FileInfo>
    </File>
    <File Path="$PSRCDIR/sources_1/imports/0424_FND_VERIFY/ControlUnit.sv">
      <FileInfo>
        <Attr Name="ImportPath" Val="$PPRDIR/../../../0424/0424_FND_VERIFY/0424_FND_VERIFY.srcs/sources_1/imports/0424_FND_VERIFY/ControlUnit.sv"/>
        <Attr Name="ImportTime" Val="1745455120"/>
        <Attr Name="UsedIn" Val="synthesis"/>
        <Attr Name="UsedIn" Val="implementation"/>
        <Attr Name="UsedIn" Val="simulation"/>
      </FileInfo>
    </File>
    <File Path="$PSRCDIR/sources_1/imports/0424_FND_VERIFY/DHT11.sv">
      <FileInfo>
        <Attr Name="UsedIn" Val="synthesis"/>
        <Attr Name="UsedIn" Val="implementation"/>
        <Attr Name="UsedIn" Val="simulation"/>
      </FileInfo>
    </File>
    <File Path="$PSRCDIR/sources_1/imports/0424_FND_VERIFY/DataPath.sv">
      <FileInfo>
        <Attr Name="ImportPath" Val="$PPRDIR/../../../0424/0424_FND_VERIFY/0424_FND_VERIFY.srcs/sources_1/imports/0424_FND_VERIFY/DataPath.sv"/>
        <Attr Name="ImportTime" Val="1745455127"/>
        <Attr Name="UsedIn" Val="synthesis"/>
        <Attr Name="UsedIn" Val="implementation"/>
        <Attr Name="UsedIn" Val="simulation"/>
      </FileInfo>
    </File>
    <File Path="$PSRCDIR/sources_1/imports/0424_FND_VERIFY/FND.sv">
      <FileInfo>
        <Attr Name="ImportPath" Val="$PPRDIR/../../../0424/0424_FND_VERIFY/0424_FND_VERIFY.srcs/sources_1/imports/0424_FND_VERIFY/FND.sv"/>
        <Attr Name="ImportTime" Val="1745476943"/>
        <Attr Name="UsedIn" Val="synthesis"/>
        <Attr Name="UsedIn" Val="implementation"/>
        <Attr Name="UsedIn" Val="simulation"/>
      </FileInfo>
    </File>
    <File Path="$PSRCDIR/sources_1/imports/0424_FND_VERIFY/GPI.sv">
      <FileInfo>
        <Attr Name="ImportPath" Val="$PPRDIR/../../../0424/0424_FND_VERIFY/0424_FND_VERIFY.srcs/sources_1/imports/0424_FND_VERIFY/GPI.sv"/>
        <Attr Name="ImportTime" Val="1745455134"/>
        <Attr Name="UsedIn" Val="synthesis"/>
        <Attr Name="UsedIn" Val="implementation"/>
        <Attr Name="UsedIn" Val="simulation"/>
      </FileInfo>
    </File>
    <File Path="$PSRCDIR/sources_1/imports/0424_FND_VERIFY/GPIO.sv">
      <FileInfo>
        <Attr Name="ImportPath" Val="$PPRDIR/../../../0424/0424_FND_VERIFY/0424_FND_VERIFY.srcs/sources_1/imports/0424_FND_VERIFY/GPIO.sv"/>
        <Attr Name="ImportTime" Val="1745455137"/>
        <Attr Name="UsedIn" Val="synthesis"/>
        <Attr Name="UsedIn" Val="implementation"/>
        <Attr Name="UsedIn" Val="simulation"/>
      </FileInfo>
    </File>
    <File Path="$PSRCDIR/sources_1/imports/0424_FND_VERIFY/GPO.sv">
      <FileInfo>
        <Attr Name="ImportPath" Val="$PPRDIR/../../../0424/0424_FND_VERIFY/0424_FND_VERIFY.srcs/sources_1/imports/0424_FND_VERIFY/GPO.sv"/>
        <Attr Name="ImportTime" Val="1745455141"/>
        <Attr Name="UsedIn" Val="synthesis"/>
        <Attr Name="UsedIn" Val="implementation"/>
        <Attr Name="UsedIn" Val="simulation"/>
      </FileInfo>
    </File>
    <File Path="$PSRCDIR/sources_1/imports/0424_FND_VERIFY/RV32I_Core.sv">
      <FileInfo>
        <Attr Name="ImportPath" Val="$PPRDIR/../../../0424/0424_FND_VERIFY/0424_FND_VERIFY.srcs/sources_1/imports/0424_FND_VERIFY/RV32I_Core.sv"/>
        <Attr Name="ImportTime" Val="1745455148"/>
        <Attr Name="UsedIn" Val="synthesis"/>
        <Attr Name="UsedIn" Val="implementation"/>
        <Attr Name="UsedIn" Val="simulation"/>
      </FileInfo>
    </File>
    <File Path="$PSRCDIR/sources_1/new/TIMER_Periph.sv">
      <FileInfo>
        <Attr Name="UsedIn" Val="synthesis"/>
        <Attr Name="UsedIn" Val="implementation"/>
        <Attr Name="UsedIn" Val="simulation"/>
      </FileInfo>
    </File>
    <File Path="$PSRCDIR/sources_1/new/ULTRASONIC.sv">
      <FileInfo>
        <Attr Name="UsedIn" Val="synthesis"/>
        <Attr Name="UsedIn" Val="implementation"/>
        <Attr Name="UsedIn" Val="simulation"/>
      </FileInfo>
    </File>
    <File Path="$PSRCDIR/sources_1/imports/0424_FND_VERIFY/ram.sv">
      <FileInfo>
        <Attr Name="ImportPath" Val="$PPRDIR/../../../0424/0424_FND_VERIFY/0424_FND_VERIFY.srcs/sources_1/imports/0424_FND_VERIFY/ram.sv"/>
        <Attr Name="ImportTime" Val="1745455159"/>
        <Attr Name="UsedIn" Val="synthesis"/>
        <Attr Name="UsedIn" Val="implementation"/>
        <Attr Name="UsedIn" Val="simulation"/>
      </FileInfo>
    </File>
    <File Path="$PSRCDIR/sources_1/imports/0424_FND_VERIFY/rom.sv">
      <FileInfo>
        <Attr Name="ImportPath" Val="$PPRDIR/../../../0424/0424_FND_VERIFY/0424_FND_VERIFY.srcs/sources_1/imports/0424_FND_VERIFY/rom.sv"/>
        <Attr Name="ImportTime" Val="1745540785"/>
        <Attr Name="UsedIn" Val="synthesis"/>
        <Attr Name="UsedIn" Val="implementation"/>
        <Attr Name="UsedIn" Val="simulation"/>
      </FileInfo>
    </File>
    <File Path="$PSRCDIR/sources_1/imports/0424_FND_VERIFY/MCU.sv">
      <FileInfo>
        <Attr Name="ImportPath" Val="$PPRDIR/../../../0424/0424_FND_VERIFY/0424_FND_VERIFY.srcs/sources_1/imports/0424_FND_VERIFY/MCU.sv"/>
        <Attr Name="ImportTime" Val="1745455145"/>
        <Attr Name="UsedIn" Val="synthesis"/>
        <Attr Name="UsedIn" Val="implementation"/>
        <Attr Name="UsedIn" Val="simulation"/>
      </FileInfo>
    </File>
    <File Path="$PSRCDIR/sources_1/new/UART.sv">
      <FileInfo>
        <Attr Name="AutoDisabled" Val="1"/>
        <Attr Name="UsedIn" Val="synthesis"/>
        <Attr Name="UsedIn" Val="implementation"/>
        <Attr Name="UsedIn" Val="simulation"/>
      </FileInfo>
    </File>
    <File Path="$PSRCDIR/sources_1/imports/0424_FND_VERIFY/code.mem">
      <FileInfo>
        <Attr Name="ImportPath" Val="$PPRDIR/../../../0424/0424_FND_VERIFY/0424_FND_VERIFY.srcs/sources_1/imports/0424_FND_VERIFY/code.mem"/>
        <Attr Name="ImportTime" Val="1745540754"/>
        <Attr Name="UsedIn" Val="synthesis"/>
        <Attr Name="UsedIn" Val="simulation"/>
      </FileInfo>
    </File>
    <Config>
      <Option Name="DesignMode" Val="RTL"/>
      <Option Name="TopModule" Val="MCU"/>
      <Option Name="TopAutoSet" Val="TRUE"/>
    </Config>
  </FileSet>
  <FileSet Name="constrs_in" Type="Constrs" RelSrcDir="$PSRCDIR/constrs_1">
    <Filter Type="Constrs"/>
    <File Path="$PSRCDIR/constrs_1/imports/verilogHDL/Basys-3-Master.xdc">
      <FileInfo>
        <Attr Name="ImportPath" Val="$PPRDIR/../../../0422/0422/0422.srcs/constrs_1/imports/verilogHDL/Basys-3-Master.xdc"/>
        <Attr Name="ImportTime" Val="1745301135"/>
        <Attr Name="UsedIn" Val="synthesis"/>
        <Attr Name="UsedIn" Val="implementation"/>
      </FileInfo>
    </File>
    <Config>
      <Option Name="ConstrsType" Val="XDC"/>
    </Config>
  </FileSet>
  <FileSet Name="utils" Type="Utils" RelSrcDir="$PSRCDIR/utils_1">
    <Filter Type="Utils"/>
    <Config>
      <Option Name="TopAutoSet" Val="TRUE"/>
    </Config>
  </FileSet>
  <Strategy Version="1" Minor="2">
    <StratHandle Name="Vivado Synthesis Defaults" Flow="Vivado Synthesis 2020"/>
    <Step Id="synth_design"/>
  </Strategy>
</GenRun>
