<?xml version="1.0" encoding="UTF-8"?>
<GenRun Id="impl_1" LaunchPart="xc7a35tcpg236-1" LaunchTime="1745889712">
  <File Type="BITSTR-BMM" Name="MCU_bd.bmm"/>
  <File Type="OPT-METHODOLOGY-DRC" Name="MCU_methodology_drc_opted.rpt"/>
  <File Type="INIT-TIMING" Name="MCU_timing_summary_init.rpt"/>
  <File Type="ROUTE-PWR" Name="MCU_power_routed.rpt"/>
  <File Type="PA-TCL" Name="MCU.tcl"/>
  <File Type="OPT-TIMING" Name="MCU_timing_summary_opted.rpt"/>
  <File Type="OPT-DCP" Name="MCU_opt.dcp"/>
  <File Type="ROUTE-PWR-SUM" Name="MCU_power_summary_routed.pb"/>
  <File Type="REPORTS-TCL" Name="MCU_reports.tcl"/>
  <File Type="OPT-DRC" Name="MCU_drc_opted.rpt"/>
  <File Type="OPT-HWDEF" Name="MCU.hwdef"/>
  <File Type="PWROPT-DCP" Name="MCU_pwropt.dcp"/>
  <File Type="PWROPT-DRC" Name="MCU_drc_pwropted.rpt"/>
  <File Type="PWROPT-TIMING" Name="MCU_timing_summary_pwropted.rpt"/>
  <File Type="PLACE-DCP" Name="MCU_placed.dcp"/>
  <File Type="PLACE-IO" Name="MCU_io_placed.rpt"/>
  <File Type="PLACE-CLK" Name="MCU_clock_utilization_placed.rpt"/>
  <File Type="PLACE-UTIL" Name="MCU_utilization_placed.rpt"/>
  <File Type="PLACE-UTIL-PB" Name="MCU_utilization_placed.pb"/>
  <File Type="PLACE-CTRL" Name="MCU_control_sets_placed.rpt"/>
  <File Type="PLACE-SIMILARITY" Name="MCU_incremental_reuse_placed.rpt"/>
  <File Type="PLACE-PRE-SIMILARITY" Name="MCU_incremental_reuse_pre_placed.rpt"/>
  <File Type="PLACE-TIMING" Name="MCU_timing_summary_placed.rpt"/>
  <File Type="POSTPLACE-PWROPT-DCP" Name="MCU_postplace_pwropt.dcp"/>
  <File Type="BG-BIN" Name="MCU.bin"/>
  <File Type="POSTPLACE-PWROPT-TIMING" Name="MCU_timing_summary_postplace_pwropted.rpt"/>
  <File Type="PHYSOPT-DCP" Name="MCU_physopt.dcp"/>
  <File Type="PHYSOPT-DRC" Name="MCU_drc_physopted.rpt"/>
  <File Type="BITSTR-MSK" Name="MCU.msk"/>
  <File Type="PHYSOPT-TIMING" Name="MCU_timing_summary_physopted.rpt"/>
  <File Type="ROUTE-ERROR-DCP" Name="MCU_routed_error.dcp"/>
  <File Type="ROUTE-DCP" Name="MCU_routed.dcp"/>
  <File Type="ROUTE-BLACKBOX-DCP" Name="MCU_routed_bb.dcp"/>
  <File Type="ROUTE-DRC" Name="MCU_drc_routed.rpt"/>
  <File Type="ROUTE-DRC-PB" Name="MCU_drc_routed.pb"/>
  <File Type="ROUTE-DRC-RPX" Name="MCU_drc_routed.rpx"/>
  <File Type="BITSTR-MMI" Name="MCU.mmi"/>
  <File Type="ROUTE-METHODOLOGY-DRC" Name="MCU_methodology_drc_routed.rpt"/>
  <File Type="ROUTE-METHODOLOGY-DRC-RPX" Name="MCU_methodology_drc_routed.rpx"/>
  <File Type="ROUTE-METHODOLOGY-DRC-PB" Name="MCU_methodology_drc_routed.pb"/>
  <File Type="ROUTE-PWR-RPX" Name="MCU_power_routed.rpx"/>
  <File Type="ROUTE-STATUS" Name="MCU_route_status.rpt"/>
  <File Type="ROUTE-STATUS-PB" Name="MCU_route_status.pb"/>
  <File Type="ROUTE-TIMINGSUMMARY" Name="MCU_timing_summary_routed.rpt"/>
  <File Type="ROUTE-TIMING-PB" Name="MCU_timing_summary_routed.pb"/>
  <File Type="ROUTE-TIMING-RPX" Name="MCU_timing_summary_routed.rpx"/>
  <File Type="ROUTE-SIMILARITY" Name="MCU_incremental_reuse_routed.rpt"/>
  <File Type="ROUTE-CLK" Name="MCU_clock_utilization_routed.rpt"/>
  <File Type="ROUTE-BUS-SKEW" Name="MCU_bus_skew_routed.rpt"/>
  <File Type="ROUTE-BUS-SKEW-PB" Name="MCU_bus_skew_routed.pb"/>
  <File Type="ROUTE-BUS-SKEW-RPX" Name="MCU_bus_skew_routed.rpx"/>
  <File Type="POSTROUTE-PHYSOPT-DCP" Name="MCU_postroute_physopt.dcp"/>
  <File Type="POSTROUTE-PHYSOPT-BLACKBOX-DCP" Name="MCU_postroute_physopt_bb.dcp"/>
  <File Type="POSTROUTE-PHYSOPT-TIMING" Name="MCU_timing_summary_postroute_physopted.rpt"/>
  <File Type="POSTROUTE-PHYSOPT-TIMING-PB" Name="MCU_timing_summary_postroute_physopted.pb"/>
  <File Type="POSTROUTE-PHYSOPT-TIMING-RPX" Name="MCU_timing_summary_postroute_physopted.rpx"/>
  <File Type="POSTROUTE-PHYSOPT-BUS-SKEW" Name="MCU_bus_skew_postroute_physopted.rpt"/>
  <File Type="POSTROUTE-PHYSOPT-BUS-SKEW-PB" Name="MCU_bus_skew_postroute_physopted.pb"/>
  <File Type="BG-BIT" Name="MCU.bit"/>
  <File Type="POSTROUTE-PHYSOPT-BUS-SKEW-RPX" Name="MCU_bus_skew_postroute_physopted.rpx"/>
  <File Type="BITSTR-RBT" Name="MCU.rbt"/>
  <File Type="BITSTR-NKY" Name="MCU.nky"/>
  <File Type="PDI-FILE" Name="MCU.pdi"/>
  <File Type="RCFI_FILE" Name="MCU.rcfi"/>
  <File Type="CFI_FILE" Name="MCU.cfi"/>
  <File Type="RNPI_FILE" Name="MCU.rnpi"/>
  <File Type="NPI_FILE" Name="MCU.npi"/>
  <File Type="RBD_FILE" Name="MCU.rbd"/>
  <File Type="BITSTR-LTX" Name="debug_nets.ltx"/>
  <File Type="BITSTR-LTX" Name="MCU.ltx"/>
  <File Type="BITSTR-SYSDEF" Name="MCU.sysdef"/>
  <File Type="BG-BGN" Name="MCU.bgn"/>
  <File Type="BG-DRC" Name="MCU.drc"/>
  <File Type="RDI-RDI" Name="MCU.vdi"/>
  <File Type="WBT-USG" Name="usage_statistics_webtalk.html"/>
  <FileSet Name="sources" Type="DesignSrcs" RelSrcDir="$PSRCDIR/sources_1" RelGenDir="$PGENDIR/sources_1">
    <Filter Type="Srcs"/>
    <File Path="$PSRCDIR/sources_1/imports/0424_FND_VERIFY/APB_Master.sv">
      <FileInfo>
        <Attr Name="ImportPath" Val="$PPRDIR/../../../0424/0424_FND_VERIFY/0424_FND_VERIFY.srcs/sources_1/imports/0424_FND_VERIFY/APB_Master.sv"/>
        <Attr Name="ImportTime" Val="1745455106"/>
        <Attr Name="UsedIn" Val="synthesis"/>
        <Attr Name="UsedIn" Val="implementation"/>
        <Attr Name="UsedIn" Val="simulation"/>
      </FileInfo>
    </File>
    <File Path="$PSRCDIR/sources_1/imports/0424_FND_VERIFY/defines.sv">
      <FileInfo>
        <Attr Name="ImportPath" Val="$PPRDIR/../../../0424/0424_FND_VERIFY/0424_FND_VERIFY.srcs/sources_1/imports/0424_FND_VERIFY/defines.sv"/>
        <Attr Name="ImportTime" Val="1745455155"/>
        <Attr Name="UsedIn" Val="synthesis"/>
        <Attr Name="UsedIn" Val="implementation"/>
        <Attr Name="UsedIn" Val="simulation"/>
      </FileInfo>
    </File>
    <File Path="$PSRCDIR/sources_1/imports/0424_FND_VERIFY/ControlUnit.sv">
      <FileInfo>
        <Attr Name="ImportPath" Val="$PPRDIR/../../../0424/0424_FND_VERIFY/0424_FND_VERIFY.srcs/sources_1/imports/0424_FND_VERIFY/ControlUnit.sv"/>
        <Attr Name="ImportTime" Val="1745455120"/>
        <Attr Name="UsedIn" Val="synthesis"/>
        <Attr Name="UsedIn" Val="implementation"/>
        <Attr Name="UsedIn" Val="simulation"/>
      </FileInfo>
    </File>
    <File Path="$PSRCDIR/sources_1/imports/0424_FND_VERIFY/DHT11.sv">
      <FileInfo>
        <Attr Name="UsedIn" Val="synthesis"/>
        <Attr Name="UsedIn" Val="implementation"/>
        <Attr Name="UsedIn" Val="simulation"/>
      </FileInfo>
    </File>
    <File Path="$PSRCDIR/sources_1/imports/0424_FND_VERIFY/DataPath.sv">
      <FileInfo>
        <Attr Name="ImportPath" Val="$PPRDIR/../../../0424/0424_FND_VERIFY/0424_FND_VERIFY.srcs/sources_1/imports/0424_FND_VERIFY/DataPath.sv"/>
        <Attr Name="ImportTime" Val="1745455127"/>
        <Attr Name="UsedIn" Val="synthesis"/>
        <Attr Name="UsedIn" Val="implementation"/>
        <Attr Name="UsedIn" Val="simulation"/>
      </FileInfo>
    </File>
    <File Path="$PSRCDIR/sources_1/imports/0424_FND_VERIFY/FND.sv">
      <FileInfo>
        <Attr Name="ImportPath" Val="$PPRDIR/../../../0424/0424_FND_VERIFY/0424_FND_VERIFY.srcs/sources_1/imports/0424_FND_VERIFY/FND.sv"/>
        <Attr Name="ImportTime" Val="1745476943"/>
        <Attr Name="UsedIn" Val="synthesis"/>
        <Attr Name="UsedIn" Val="implementation"/>
        <Attr Name="UsedIn" Val="simulation"/>
      </FileInfo>
    </File>
    <File Path="$PSRCDIR/sources_1/imports/0424_FND_VERIFY/GPI.sv">
      <FileInfo>
        <Attr Name="ImportPath" Val="$PPRDIR/../../../0424/0424_FND_VERIFY/0424_FND_VERIFY.srcs/sources_1/imports/0424_FND_VERIFY/GPI.sv"/>
        <Attr Name="ImportTime" Val="1745455134"/>
        <Attr Name="UsedIn" Val="synthesis"/>
        <Attr Name="UsedIn" Val="implementation"/>
        <Attr Name="UsedIn" Val="simulation"/>
      </FileInfo>
    </File>
    <File Path="$PSRCDIR/sources_1/imports/0424_FND_VERIFY/GPIO.sv">
      <FileInfo>
        <Attr Name="ImportPath" Val="$PPRDIR/../../../0424/0424_FND_VERIFY/0424_FND_VERIFY.srcs/sources_1/imports/0424_FND_VERIFY/GPIO.sv"/>
        <Attr Name="ImportTime" Val="1745455137"/>
        <Attr Name="UsedIn" Val="synthesis"/>
        <Attr Name="UsedIn" Val="implementation"/>
        <Attr Name="UsedIn" Val="simulation"/>
      </FileInfo>
    </File>
    <File Path="$PSRCDIR/sources_1/imports/0424_FND_VERIFY/GPO.sv">
      <FileInfo>
        <Attr Name="ImportPath" Val="$PPRDIR/../../../0424/0424_FND_VERIFY/0424_FND_VERIFY.srcs/sources_1/imports/0424_FND_VERIFY/GPO.sv"/>
        <Attr Name="ImportTime" Val="1745455141"/>
        <Attr Name="UsedIn" Val="synthesis"/>
        <Attr Name="UsedIn" Val="implementation"/>
        <Attr Name="UsedIn" Val="simulation"/>
      </FileInfo>
    </File>
    <File Path="$PSRCDIR/sources_1/imports/0424_FND_VERIFY/RV32I_Core.sv">
      <FileInfo>
        <Attr Name="ImportPath" Val="$PPRDIR/../../../0424/0424_FND_VERIFY/0424_FND_VERIFY.srcs/sources_1/imports/0424_FND_VERIFY/RV32I_Core.sv"/>
        <Attr Name="ImportTime" Val="1745455148"/>
        <Attr Name="UsedIn" Val="synthesis"/>
        <Attr Name="UsedIn" Val="implementation"/>
        <Attr Name="UsedIn" Val="simulation"/>
      </FileInfo>
    </File>
    <File Path="$PSRCDIR/sources_1/new/TIMER_Periph.sv">
      <FileInfo>
        <Attr Name="UsedIn" Val="synthesis"/>
        <Attr Name="UsedIn" Val="implementation"/>
        <Attr Name="UsedIn" Val="simulation"/>
      </FileInfo>
    </File>
    <File Path="$PSRCDIR/sources_1/new/ULTRASONIC.sv">
      <FileInfo>
        <Attr Name="UsedIn" Val="synthesis"/>
        <Attr Name="UsedIn" Val="implementation"/>
        <Attr Name="UsedIn" Val="simulation"/>
      </FileInfo>
    </File>
    <File Path="$PSRCDIR/sources_1/imports/0424_FND_VERIFY/ram.sv">
      <FileInfo>
        <Attr Name="ImportPath" Val="$PPRDIR/../../../0424/0424_FND_VERIFY/0424_FND_VERIFY.srcs/sources_1/imports/0424_FND_VERIFY/ram.sv"/>
        <Attr Name="ImportTime" Val="1745455159"/>
        <Attr Name="UsedIn" Val="synthesis"/>
        <Attr Name="UsedIn" Val="implementation"/>
        <Attr Name="UsedIn" Val="simulation"/>
      </FileInfo>
    </File>
    <File Path="$PSRCDIR/sources_1/imports/0424_FND_VERIFY/rom.sv">
      <FileInfo>
        <Attr Name="ImportPath" Val="$PPRDIR/../../../0424/0424_FND_VERIFY/0424_FND_VERIFY.srcs/sources_1/imports/0424_FND_VERIFY/rom.sv"/>
        <Attr Name="ImportTime" Val="1745540785"/>
        <Attr Name="UsedIn" Val="synthesis"/>
        <Attr Name="UsedIn" Val="implementation"/>
        <Attr Name="UsedIn" Val="simulation"/>
      </FileInfo>
    </File>
    <File Path="$PSRCDIR/sources_1/imports/0424_FND_VERIFY/MCU.sv">
      <FileInfo>
        <Attr Name="ImportPath" Val="$PPRDIR/../../../0424/0424_FND_VERIFY/0424_FND_VERIFY.srcs/sources_1/imports/0424_FND_VERIFY/MCU.sv"/>
        <Attr Name="ImportTime" Val="1745455145"/>
        <Attr Name="UsedIn" Val="synthesis"/>
        <Attr Name="UsedIn" Val="implementation"/>
        <Attr Name="UsedIn" Val="simulation"/>
      </FileInfo>
    </File>
    <File Path="$PSRCDIR/sources_1/new/UART.sv">
      <FileInfo>
        <Attr Name="AutoDisabled" Val="1"/>
        <Attr Name="UsedIn" Val="synthesis"/>
        <Attr Name="UsedIn" Val="implementation"/>
        <Attr Name="UsedIn" Val="simulation"/>
      </FileInfo>
    </File>
    <File Path="$PSRCDIR/sources_1/imports/0424_FND_VERIFY/code.mem">
      <FileInfo>
        <Attr Name="ImportPath" Val="$PPRDIR/../../../0424/0424_FND_VERIFY/0424_FND_VERIFY.srcs/sources_1/imports/0424_FND_VERIFY/code.mem"/>
        <Attr Name="ImportTime" Val="1745540754"/>
        <Attr Name="UsedIn" Val="synthesis"/>
        <Attr Name="UsedIn" Val="simulation"/>
      </FileInfo>
    </File>
    <Config>
      <Option Name="DesignMode" Val="RTL"/>
      <Option Name="TopModule" Val="MCU"/>
      <Option Name="TopAutoSet" Val="TRUE"/>
    </Config>
  </FileSet>
  <FileSet Name="constrs_in" Type="Constrs" RelSrcDir="$PSRCDIR/constrs_1">
    <Filter Type="Constrs"/>
    <File Path="$PSRCDIR/constrs_1/imports/verilogHDL/Basys-3-Master.xdc">
      <FileInfo>
        <Attr Name="ImportPath" Val="$PPRDIR/../../../0422/0422/0422.srcs/constrs_1/imports/verilogHDL/Basys-3-Master.xdc"/>
        <Attr Name="ImportTime" Val="1745301135"/>
        <Attr Name="UsedIn" Val="synthesis"/>
        <Attr Name="UsedIn" Val="implementation"/>
      </FileInfo>
    </File>
    <Config>
      <Option Name="ConstrsType" Val="XDC"/>
    </Config>
  </FileSet>
  <FileSet Name="utils" Type="Utils" RelSrcDir="$PSRCDIR/utils_1">
    <Filter Type="Utils"/>
    <Config>
      <Option Name="TopAutoSet" Val="TRUE"/>
    </Config>
  </FileSet>
  <Strategy Version="1" Minor="2">
    <StratHandle Name="Vivado Implementation Defaults" Flow="Vivado Implementation 2020"/>
    <Step Id="init_design"/>
    <Step Id="opt_design"/>
    <Step Id="power_opt_design"/>
    <Step Id="place_design"/>
    <Step Id="post_place_power_opt_design"/>
    <Step Id="phys_opt_design"/>
    <Step Id="route_design"/>
    <Step Id="post_route_phys_opt_design"/>
    <Step Id="write_bitstream"/>
  </Strategy>
</GenRun>
